,cand,pts
0,Biden,2.2222222222222223
1,Bloomberg,6.0
2,Klobuchar,4.0
3,Sanders,0.42857142857142855
4,Warren,2.3333333333333335
