,cand,pts
0,Biden,2.0
1,Sanders,-1.6666666666666667
2,Warren,-3.6666666666666665
