,cand,pts
0,Biden,-0.5714285714285714
1,Sanders,-2.7142857142857144
2,Warren,-4.571428571428571
