,cand,pts
0,Biden,7.0
1,Bloomberg,6.0
2,Klobuchar,3.3333333333333335
3,Sanders,6.166666666666667
4,Warren,2.5
