,cand,pts
0,Biden,8.416666666666666
1,Bloomberg,6.0
2,Klobuchar,3.3333333333333335
3,Sanders,7.1
4,Warren,2.8
