,cand,pts
0,Biden,5.714285714285714
1,Bloomberg,1.5
2,Klobuchar,2.0
3,Sanders,4.285714285714286
4,Warren,1.8571428571428572
