,cand,pts
0,Biden,-3.0
1,Bloomberg,4.5
2,Klobuchar,4.8
3,Sanders,-1.0833333333333333
4,Warren,0.9166666666666666
